X1,X2,color
0.0,0.0,c1
-0.0004572182569639057,0.0019511534008938552,c1
0.001194299573274617,0.0038259431572566713,c1
-0.00023129931312317775,0.006007573035980142,c1
-0.0008963468894891693,0.007965759995558201,c1
0.002162341162767048,0.0097839401011976,c1
0.0026241662977410807,0.01173420145818826,c1
-0.000997848644698066,0.013992521444328464,c1
0.0010776242464354867,0.015995805893921806,c1
-0.006629484652672617,0.016773485971436006,c1
0.006116595496266257,0.01908381702823448,c1
0.006230971191254931,0.021145137066015063,c1
0.006804150516470547,0.023065438782459882,c1
-0.007699982149881398,0.02488819817860903,c1
0.0012735615385810262,0.02802719169232476,c1
0.0036183835239673584,0.029841550387767306,c1
0.006663611778269453,0.0313640654080211,c1
0.006570878743635661,0.03342845287507544,c1
0.014329722478990519,0.03310375578769036,c1
-0.005956304758371938,0.037607390336863215,c1
0.0047897828188606115,0.039792929420645266,c1
0.0015627646514856535,0.042055142268615925,c1
0.009407691910768458,0.04307275968659675,c1
0.013403327333330096,0.04410034326711407,c1
0.02118030754544266,0.04318145775901072,c1
0.005327570571124001,0.049816132648070686,c1
0.017549255919775613,0.049059883320357184,c1
-0.007923825080103239,0.05352487348556527,c1
0.010477540632498948,0.05512533786651848,c1
0.02497770102493977,0.05247485995623513,c1
0.009632428614994104,0.05934357281513927,c1
0.01930525953330825,0.059048532629252276,c1
0.02881552381947888,0.05728960525618512,c1
0.030169330747020037,0.05884970598072883,c1
0.029347540115793925,0.061492060670387975,c1
0.01777011697708121,0.06785191154133974,c1
0.02224992706622522,0.06862753907762811,c1
0.01705097228050177,0.07216116844924764,c1
0.034688078349214814,0.06779314653955755,c1
0.05556353646738738,0.05496455783878555,c1
0.02642094241357796,0.07568098048579729,c1
0.017559097666894626,0.08026615097805344,c1
0.028378442361835263,0.07923997039041489,c1
-0.006053455180171557,0.08595945945413312,c1
0.034521261403560426,0.08113785606938391,c1
0.016259398833469794,0.08870247690692587,c1
0.03086207018018044,0.08686478264360284,c1
0.034972374093105316,0.08745503625150741,c1
0.04911333948103778,0.08270945999504159,c1
0.04145570639779297,0.08901660498557644,c1
0.05398724554371874,0.08441266279062723,c1
0.012200170596590437,0.10147362721011018,c1
0.014174021310406884,0.10323996928937693,c1
0.041817086330418966,0.09763406415430698,c1
0.03437157864035477,0.10261282046583298,c1
0.04413272290633617,0.10099924928950152,c1
0.05573306134539497,0.09740714965280717,c1
0.0496660238697938,0.10286606069000236,c1
0.06351114409000587,0.09734639428376164,c1
0.08332773741234473,0.08388296437551503,c1
0.03393510662278505,0.11535242433713727,c1
0.05589720969972723,0.10871622249354647,c1
0.06585035409600458,0.10536327572117264,c1
0.05642373964384681,0.11294271391244555,c1
0.0845497612564279,0.0964420603527471,c1
0.005332854316456664,0.1301513119680117,c1
0.10643396276949092,0.07852208107372023,c1
0.04077405474744103,0.12792777848256653,c1
0.07552965078786675,0.11342609222404755,c1
0.08844939351672873,0.10628786349088994,c1
0.055148753580584665,0.1289854674266823,c1
0.08741121313930607,0.11226833227753852,c1
0.09492452698932956,0.10866704961977623,c1
0.09310621983404943,0.11283949797847845,c1
0.058831496778012964,0.13612764060815566,c1
0.12669813536307384,0.08085699238361853,c1
0.0927307615649518,0.12082094126750055,c1
0.05819542760373226,0.142914105527875,c1
0.10673690083936596,0.11419663222665948,c1
0.09469436155780364,0.12687448229651968,c1
0.1074091456616748,0.11902093702152595,c1
-0.010285256730919741,0.16199847302950618,c1
0.13089288143546735,0.09935271110719393,c1
0.10662643255356033,0.1276611116859901,c1
0.10924836599344016,0.12807041079497908,c1
0.0955259064710935,0.1410345664012672,c1
0.12866289873662534,0.1146671288807272,c1
0.13596065909539734,0.10914287636673793,c1
0.1214392058397386,0.12787805124699714,c1
0.14928910799356224,0.09759036560498847,c1
0.12126986272919088,0.13350509440857092,c1
0.11028711482685798,0.14523652038585794,c1
0.09350738605884078,0.15889682221665072,c1
0.10958164788780836,0.15075364907039138,c1
0.14950984834402284,0.11459758509667478,c1
0.1290914902780332,0.13992934465612067,c1
0.1240238580453614,0.14707135066405094,c1
0.15022012851245728,0.12337305147020936,c1
0.10627289181868044,0.16515507466889326,c1
0.12647212835752727,0.1528597018654328,c1
0.15185189480471686,0.13077263982739235,c1
0.16139169065682854,0.12214920852764755,c1
0.16242388700122118,0.12410256104715894,c1
0.15944627164420286,0.13108448059216662,c1
0.16713647582890193,0.12451094330785675,c1
0.1888816507760188,0.09273970355172904,c1
0.13578535923962234,0.16336050007874875,c1
0.1483624826891098,0.15481701699576855,c1
0.19392079564722334,0.09611404883928933,c1
0.1264792571788945,0.17809454038811556,c1
0.1919633259738075,0.10837095475151554,c1
0.11582056413252692,0.18991399609576806,c1
0.1622001774927831,0.15513996952096318,c1
0.1970633665605824,0.11156589133932217,c1
0.17506341923128724,0.14678338026734253,c1
0.17841678175758507,0.14587559248999954,c1
0.20346925455558548,0.1124286710109064,c1
0.1273501793407209,0.19686953713174926,c1
0.19307791722794315,0.13652974773893756,c1
0.2047983793627509,0.12218380152680294,c1
0.19019037588119092,0.14716899799207156,c1
0.1815966646617784,0.16069104527154582,c1
0.18228191579690603,0.16293607186665576,c1
0.2166041357791754,0.11764965149426268,c1
0.15105585855914236,0.19731417489886666,c1
0.22101934683678834,0.11790335164384205,c1
0.1999958803818972,0.1541441789867214,c1
0.20823336705960127,0.14633422396933346,c1
0.2356682910208606,0.10128864270842236,c1
0.2380089384225178,0.10090987134256016,c1
0.2309844095133739,0.12048823980114814,c1
0.2315787574818679,0.12365549325956747,c1
0.24854080896158784,0.09057090519907916,c1
0.26442155865931594,0.033483050309731865,c1
0.250488406548525,0.09678697421093706,c1
0.2101887129154651,0.17033256324492455,c1
0.16991391363011474,0.21309642919654675,c1
0.2735214159102439,0.023732727590984725,c1
0.1903514349200693,0.20061892178857746,c1
0.2721739317290096,0.05929095019021055,c1
0.2689208915675553,0.07997560499051108,c1
0.24570562441233226,0.13954138802266206,c1
0.2725227419142288,0.08192038573524069,c1
0.23739368754683265,0.16052540387411648,c1
0.28385650025889986,0.05198327855790416,c1
0.2531280609589455,0.14270107446374936,c1
0.28273074856111324,0.07529545618002505,c1
0.2889716115017957,0.05725549537763806,c1
0.27215708472575023,0.1178899462902538,c1
0.2972008756116305,-0.028843093324564563,c1
0.2897777047277137,0.07993725495634207,c1
0.2965095717349171,0.06043167417354822,c1
0.274659187595618,0.13171600747835532,c1
0.28742200340708834,0.10677201221910433,c1
0.3079701537067749,0.019974529708625482,c1
0.2741767891172442,0.1459885084253712,c1
0.22980293310916386,0.211955559458202,c1
0.2923039756822995,0.11640427876714975,c1
0.2806167510787314,0.14666582590848146,c1
0.31028938211167995,0.07245834721292818,c1
0.3154105867932845,0.057680099026680275,c1
0.2934103911264717,0.13420255553905658,c1
0.3064695676877707,0.10711475697083582,c1
0.29449921206345697,0.14132443813918927,c1
0.2989979181465721,0.1364400066085137,c1
0.3238746463835224,0.06664925898673818,c1
0.3304916137943196,0.037967294289078114,c1
0.328338235419547,0.0647886518791375,c1
0.3364832369568433,0.011312542630647472,c1
0.3386196543405222,0.006251422820025853,c1
0.3322762089610152,0.07520845608683893,c1
0.32633243829672953,0.10459638156044802,c1
0.320143095159622,0.12774649290629808,c1
0.3148663743602622,0.14510503344038592,c1
0.3448818217096397,0.051443193789654285,c1
0.34280598210400604,0.07399684157807976,c1
0.3404151666766305,-0.09229637652359933,c1
0.3518300211390393,0.04510441261633407,c1
0.32485771196394875,0.1473497060576076,c1
0.3547603750363865,-0.05313449335006516,c1
0.3061046748059719,0.1908399523672208,c1
0.3355705965291628,0.13770304091405736,c1
0.3644497576401831,0.014281188973926887,c1
0.3646434256445375,0.0390974155610176,c1
0.3641076860712113,-0.05824876287352556,c1
0.3446039017013507,0.1367384295799252,c1
0.3539497529995748,0.11687075510548114,c1
0.3679934925391969,0.07083767675505051,c1
0.3727076583853462,0.05506547401304539,c1
0.3569583971968037,0.12664105914921558,c1
0.38075496027935707,0.0022355435681391507,c1
0.37797900980976695,0.060343350192859614,c1
0.3644619938545432,0.12334931389346172,c1
0.3788301770982565,0.07798380377696333,c1
0.380622350784969,-0.07921245760866429,c1
0.3890570954046843,0.03667160474628268,c1
0.3925859694757749,0.012520442018419828,c1
0.3879660410177793,-0.07308325956736933,c1
0.3957060951602685,-0.029357061768847625,c1
0.39192542019753945,0.07371558134216215,c1
0.4006027442573055,0.012624041601114121,c1
0.4013997595204705,0.03362429908854199,c1
0.4035200311210057,-0.0322864106413714,c1
0.4061334936913655,0.023514094114300933,c1
0.39334508873371016,-0.11140691216108102,c1
0.4093101456047529,0.035208341308507037,c1
0.4127025740951789,0.01007986649879569,c1
0.4126354919273228,-0.04260982342503857,c1
0.3699811409654684,-0.1920006811278542,c1
0.4045283871559383,-0.10854391866058116,c1
0.4111356080485638,-0.08986230718985375,c1
0.4228186798776968,-0.0047794003233364865,c1
0.4008972641927063,-0.1406365906940725,c1
0.3620670604764967,-0.2260785952975069,c1
0.3886249239911057,-0.1813549242162598,c1
0.40388629837096907,-0.15005893082327396,c1
0.4121660256423384,-0.13225698008473166,c1
0.4346246036947875,-0.014599458128492475,c1
0.4216519477369597,-0.11431669265660385,c1
0.4162506064197919,-0.13910110329378372,c1
0.4367265654479546,-0.06038738645411499,c1
0.36907933955028976,-0.24480246680218845,c1
0.4261850172276408,-0.12764500400264914,c1
0.4124931553174733,-0.17194026343325847,c1
0.4326265476029247,-0.11976435695062712,c1
0.4433798878243881,0.08201653229119114,c1
0.4468841296783405,-0.07360875521120981,c1
0.4427825280086214,-0.10433876026930416,c1
0.4048286079986053,-0.21185854726335315,c1
0.43643721035029975,-0.14187368085348914,c1
0.4407251890427421,-0.13494537313819996,c1
0.43631673552352296,-0.15468694346136858,c1
0.4496005747314104,-0.1184022705015513,c1
0.4617709655120785,-0.06924458280940825,c1
0.4682177984164799,-0.025977385556607988,c1
0.4402763589043579,-0.16716155561741916,c1
0.42846057243761376,-0.20024823200564312,c1
0.3019657024434019,-0.36659803854837,c1
0.43610515621285534,-0.19312514829809888,c1
0.4251131309662136,-0.22063433780332928,c1
0.4597784204326129,-0.14116719270343145,c1
0.4325129651499259,-0.21491539339520932,c1
0.4155393468783261,-0.25004578337358885,c1
0.4802173974087583,-0.08083858704339036,c1
0.4861968718040117,-0.0520772811857412,c1
0.39847944075155817,-0.2868404159123669,c1
0.3961460672673052,-0.29343391406261704,c1
0.43734134813426057,-0.23183534129383565,c1
0.4826342895179437,-0.11860508701463973,c1
0.4416342891207201,-0.2322889465231873,c1
0.34689896356565786,-0.36147491904296825,c1
0.5005543195337272,-0.04960263428956272,c1
0.4979146792328389,-0.0843569353719139,c1
0.44910484499927816,-0.2353041921510504,c1
0.4547364598261636,-0.2287227866905933,c1
0.4987615861785433,-0.11126728942830197,c1
0.4880149619754937,-0.15823124541533315,c1
0.4250411939474049,-0.2908538228650658,c1
0.4769154229301746,-0.19968952647767088,c1
0.4879839323886831,-0.17683949283562952,c1
0.3557507615200741,-0.38069180336903946,c1
0.4424633577375421,-0.27893259330698345,c1
0.43569841683829696,-0.2929923160853413,c1
0.39944882066840587,-0.343841057255295,c1
0.4350760962604174,-0.3010170772800779,c1
0.3817131785259832,-0.3692181322076652,c1
0.4294397045379541,-0.3158180513109076,c1
0.3120153892492758,-0.43467971184710497,c1
0.4762952802395094,-0.2481762413892155,c1
0.4248571020718761,-0.3318157642917326,c1
0.4471102264995344,-0.3047332504242343,c1
0.4843207216368963,-0.245715341778086,c1
0.4658875166606932,-0.2829701866724057,c1
0.4870143600122431,-0.2492570241687964,c1
0.4334215516026204,-0.33712696108170764,c1
0.3717973828786814,-0.40679275532981335,c1
0.4415445808087179,-0.3331138925073774,c1
0.4022108935090537,-0.3825882303215469,c1
0.4157358092920677,-0.3708638569898823,c1
0.4581013896802666,-0.32055626515422464,c1
0.4707075311268699,-0.30543836268680324,c1
0.4625884009371034,-0.3211279302377637,c1
0.552688472429168,-0.11793075850045905,c1
0.3035806046275943,-0.4790408072837076,c1
0.42849117524799696,-0.3745846907875845,c1
0.4522866917743199,-0.34876963409490763,c1
0.5113441623679871,-0.2588895909771334,c1
0.26732314245760475,-0.5092506316031867,c1
0.4534880884670419,-0.3570093130073026,c1
0.4335439387021357,-0.3840104281658477,c1
0.39173879216628144,-0.4292905383349132,c1
0.3503060821081194,-0.4662280776534061,c1
0.4717533642560384,-0.3462269355874144,c1
0.32249967975992216,-0.4906808253059797,c1
0.41372962004719216,-0.4194745969842989,c1
0.28768639137136365,-0.5164621269627013,c1
0.4167349015185925,-0.4221398994021313,c1
0.4406661026196607,-0.40008121094728427,c1
0.5219796689984239,-0.2901350774030837,c1
0.4334371399726489,-0.41372812862112174,c1
0.3548622593718047,-0.4853010492698395,c1
0.3338665520279428,-0.50238541172188,c1
0.4188074473872148,-0.4368981294402308,c1
0.11180044911400283,-0.5968333286529068,c1
0.5294013804801739,-0.3014652254781276,c1
0.401000237399918,-0.4612934930629836,c1
0.24018476876639244,-0.5642321857144257,c1
0.3279058015412419,-0.5205634498903087,c1
0.3679138561248016,-0.4955984101229545,c1
0.5260244873936158,-0.3267331173947309,c1
0.3502189835018869,-0.5131168373056286,c1
0.4280662223887336,-0.4529850993897618,c1
0.35627169786058643,-0.5138177364657549,c1
0.2649065641391256,-0.5685707795512014,c1
0.3705353706850956,-0.5085959303132236,c1
0.394007391573414,-0.4932043703356072,c1
0.2603229007998746,-0.5772854486480128,c1
0.3653614302230203,-0.5196919141878339,c1
0.4290949029297066,-0.4711649554116426,c1
0.453678372817844,-0.4503920599027065,c1
0.23623443430559585,-0.5961850554889496,c1
0.2370151130570056,-0.5980313130370978,c1
0.2617457972917701,-0.5898212201480261,c1
0.32484692399007625,-0.5598792380092007,c1
0.42116586114716176,-0.4941740439589789,c1
0.37032071113966597,-0.5357776166049617,c1
0.09543869670465414,-0.6462979081327241,c1
0.3079235356193161,-0.5784592522597519,c1
0.2318032928260639,-0.6150851609917571,c1
0.3662269383285985,-0.5482507593246263,c1
0.2935736913158798,-0.5925893425816063,c1
0.2785624028934443,-0.6020010271429629,c1
0.2993525697756174,-0.5941825711553332,c1
0.3079543809133546,-0.5920301176271645,c1
0.3199567181725997,-0.5879132278654489,c1
0.2631803413669973,-0.6176059497112614,c1
0.11498431965276895,-0.6634563857020982,c1
0.2905161844766163,-0.6096711543466773,c1
0.2674473854145924,-0.6223192897595063,c1
0.22480826418372105,-0.6410846366194197,c1
0.2420881443736777,-0.6369054042694176,c1
0.19867805184303086,-0.6538479365457425,c1
0.1914423508203142,-0.6580903278375257,c1
0.28464154927501434,-0.6256702283752438,c1
0.3883139721464987,-0.5696098053481653,c1
0.26013798585464937,-0.6405765815176713,c1
0.35477106754002746,-0.5957538983225862,c1
0.19017567935049048,-0.6688808190302327,c1
0.1839375869198868,-0.6727008671395092,c1
0.35967147452501863,-0.5998292327742929,c1
0.2869945267178233,-0.6400000291822702,c1
0.019869589547106915,-0.7031261230166864,c1
0.2694807727196058,-0.6519083834603607,c1
0.2778120876296527,-0.6505814208758016,c1
0.3837271539278645,-0.5966812872774431,c1
0.2130779462115925,-0.6787637690757181,c1
0.0880087683054544,-0.7079776354463592,c1
-0.09961450498324882,-0.7084619032123717,c1
0.010952312110831908,-0.7173512662409749,c1
0.1498120053108045,-0.7036680054477854,c1
0.039798411366549706,-0.7203443092598639,c1
0.023197231336939853,-0.7230748900281294,c1
0.12390484572543538,-0.7147912983056124,c1
0.19500803699213007,-0.7008298733138988,c1
-0.19635097323440884,-0.7025358411639147,c1
-0.04481792016929269,-0.7300886014226173,c1
0.3115131154142283,-0.6640281033226371,c1
0.3221032055019761,-0.6611860792248638,c1
0.05166968431583247,-0.7356626573725311,c1
0.2877596814332701,-0.681192700299781,c1
0.217647287672956,-0.7088206027872771,c1
0.10907423674646,-0.7354425139386329,c1
0.3222096278445811,-0.6722631626928535,c1
0.08166440783939666,-0.7430206487961025,c1
0.2378846160700057,-0.7107458458789766,c1
0.34733452538781084,-0.6664199093054861,c1
-0.1724452693039449,-0.7335089974118703,c1
0.2817010438899592,-0.7010288341440813,c1
0.0002704692753892296,-0.757514981774853,c1
0.18046055461638424,-0.7377690407083173,c1
-0.16547937521402234,-0.7433262581856609,c1
0.08261553360554094,-0.7590442911729479,c1
-0.2193535920534609,-0.7334315296810766,c1
0.1056770668272608,-0.7602252570403275,c1
0.01903914282295844,-0.7693035186779235,c1
0.11893503129162862,-0.7623209246452607,c1
-0.1225836166178139,-0.7637724555547798,c1
0.29295291354767883,-0.7180933801215545,c1
0.14115154389679702,-0.7646359859995293,c1
0.15455246098855072,-0.7640850447613862,c1
-0.049547790083814776,-0.7799909850859811,c1
0.1536191880498529,-0.7683609822008868,c1
-0.05274535908859666,-0.7837984094682112,c1
-0.0899779618066497,-0.7824184198752835,c1
0.16257194895496346,-0.7726613803348706,c1
-0.02721943666772297,-0.7911150431440043,c1
-0.03582124879169974,-0.7927783053450396,c1
0.13046664025527882,-0.7848208618767774,c1
-0.0008941318091848387,-0.7975946892042542,c1
-0.3429228411859576,-0.7223315049682835,c1
-0.0156252334524795,-0.8014509046790568,c1
0.08976000935582754,-0.7985785470462813,c1
-0.1219978797413592,-0.7963202616207642,c1
0.13276774036220604,-0.7966273203898807,c1
-0.04676171005775377,-0.8082676869605002,c1
-0.009914910246061002,-0.8115626832245472,c1
-0.2488233009917064,-0.7746459024376705,c1
-0.3166162272552833,-0.7516704870133175,c1
-0.27766861878163723,-0.7690432847224441,c1
-0.18264678228879155,-0.7990298491753467,c1
0.03888202990264305,-0.8207227778740952,c1
-0.3223498087685839,-0.7579481952422145,c1
-0.21353339613810707,-0.7975610084673191,c1
-0.0353705234873536,-0.8268991711616209,c1
-0.030022308908685763,-0.8291159424166551,c1
-0.11355225400985773,-0.8238748536697338,c1
-0.25447346010518745,-0.7938793881924209,c1
-0.22423069430481324,-0.8050262037456618,c1
0.12849501523841586,-0.8277614537000363,c1
-0.02946670426576759,-0.8391621647785584,c1
-0.06343237219726226,-0.8392897139803465,c1
-0.17713879674189786,-0.8248819509484578,c1
-0.2467892826123657,-0.8088813045630056,c1
-0.2478039559252201,-0.8106668088555979,c1
-0.17316738738696266,-0.8318666505291388,c1
-0.17148763214128326,-0.8342605619352476,c1
-0.30308599451085616,-0.798094750055722,c1
-0.22770626015866466,-0.8248587141281543,c1
-0.16642045960711865,-0.8414154686969257,c1
-0.30864104995360303,-0.8024077615949513,c1
-0.08586362513047957,-0.8574349752639921,c1
-0.2153541076797265,-0.8364494752646231,c1
-0.4906623293596578,-0.7132611334196545,c1
-0.0688343684600109,-0.8650009695078059,c1
-0.0220329137750664,-0.8694603567550204,c1
-0.5323161346509083,-0.6903450150988372,c1
-0.2032131813823009,-0.8497876722533393,c1
-0.28158934577871514,-0.8292455217613202,c1
-0.5681161973097244,-0.6691029244323387,c1
-0.23405361257051924,-0.8480540771559301,c1
-0.2169860690771684,-0.8546484443730878,c1
-0.4341089476847527,-0.7698015832563532,c1
-0.3104204312623084,-0.8295965178303132,c1
-0.4066570784935987,-0.7891612317174949,c1
-0.29744514419183915,-0.8385905139108951,c1
-0.23716048488113184,-0.8596701896783828,c1
-0.4181178951658015,-0.7899580085265128,c1
-0.4274666424276991,-0.7872196834958042,c1
-0.18334581491431728,-0.8788749829753356,c1
-0.2769035696747159,-0.8561330105883052,c1
-0.10676255176654256,-0.8954616147693054,c1
-0.4553208976970509,-0.7807375266175723,c1
-0.4354422532591325,-0.7942825321540541,c1
-0.3677259713724123,-0.8300041146541338,c1
-0.33750499544899937,-0.8449036359632586,c1
-0.4458398550249505,-0.7953924738372486,c1
-0.3552361949743722,-0.8419550043741276,c1
-0.6194601399906496,-0.6745493091794172,c1
-0.2608268936846166,-0.8799952563053459,c1
-0.24519577412830595,-0.8865574251408471,c1
-0.7555994181197455,-0.5280769861391205,c1
-0.2338552890562209,-0.8937596254358828,c1
-0.3014374502704741,-0.8754066713680754,c1
-0.5642122152586154,-0.7366008399214331,c1
-0.5704999146584538,-0.7342812439451556,c1
-0.6209993379837285,-0.6947876141454519,c1
-0.5623522632897829,-0.7455661468484761,c1
-0.4918303585234561,-0.796215309255001,c1
-0.4575685965482324,-0.81868303067195,c1
-0.4325995286182567,-0.8344049437730021,c1
-0.7394734613387041,-0.5833729780524755,c1
-0.5146437702283928,-0.7912432764958658,c1
-0.6391910519383603,-0.6972417553056806,c1
-0.8175706433161664,-0.4796714238816685,c1
-0.5381813917453859,-0.7827326611670147,c1
-0.5936373117627913,-0.7441206898315756,c1
-0.6593830277395205,-0.6893142559467846,c1
-0.3722359414131143,-0.8804588681528449,c1
-0.6737307932201301,-0.6809475448360301,c1
-0.6893947718968161,-0.667967773991667,c1
-0.4401693508086861,-0.8553060454444159,c1
-0.4089032684230741,-0.8729003540435466,c1
-0.5635713537763027,-0.7844818000226264,c1
-0.5838495619632946,-0.7720230183116906,c1
-0.3726172039906413,-0.8955109098375671,c1
-0.6555642973901329,-0.7175725558935726,c1
-0.5507286401913201,-0.8032885338344324,c1
-0.6878856543461169,-0.6923116675966995,c1
-0.5742801662636923,-0.791580732526359,c1
-0.3203507630733118,-0.9261192326534079,c1
-0.7879864163992841,-0.5859441638757319,c1
-0.8159059017770701,-0.5499913256307281,c1
-0.6272404997130799,-0.7607299321398655,c1
-0.4787467129481359,-0.8642326459823129,c1
-0.720753776822896,-0.6786562563171566,c1
-0.6955224609792752,-0.7073052374435871,c1
-0.7139384038800988,-0.6915952948091095,c1
-0.7588182446368434,-0.6451316948768246,c1
-0.4209235509909901,-0.9048863819492474,c1
-0.6114219405298725,-0.7913047520637577,c1
-0.0,-0.0,c3
-0.001718783474492818,-0.0010304520833746547,c3
-0.0029970581583489576,-0.0026611717172623467,c3
-0.004608246217574594,-0.003861152671560185,c3
-0.005461532552346816,-0.005867574646545912,c3
-0.009491505241643076,-0.003211313042336617,c3
-0.009796531135153623,-0.006971779567478688,c3
-0.012705446525670978,-0.005946258224382199,c3
-0.012063826599507551,-0.010558937824873452,c3
-0.014397682034844438,-0.010863086597164734,c3
-0.015679646295603852,-0.01248012439348396,c3
-0.016565970255318318,-0.014543398950270243,c3
-0.0231515888014974,-0.00650498781279188,c3
-0.024720524567721173,-0.008222396170393633,c3
-0.01885831004953676,-0.02077280855412699,c3
-0.025078406746121527,-0.016573603831039868,c3
-0.02795668871225928,-0.015701333608835643,c3
-0.030502630744436505,-0.015173247073492845,c3
-0.033919585966794404,-0.012274415726101709,c3
-0.030421635621664125,-0.02289797939614965,c3
-0.036901732024825835,-0.015642296023801967,c3
-0.03605269689349797,-0.02170899056370473,c3
-0.038877201637476384,-0.020792558451192482,c3
-0.03356883003029185,-0.031585172316754305,c3
-0.03646464841619535,-0.03136196960964066,c3
-0.04303783714546409,-0.025647117850569338,c3
-0.045771051870993035,-0.024896974622787085,c3
-0.053955537657289,-0.004061901236946826,c3
-0.05526068562379573,-0.00973849870316256,c3
-0.047808325092827945,-0.03304331290497738,c3
-0.051189866585288964,-0.0315284137639211,c3
-0.04786146083070589,-0.03960685317551831,c3
-0.05157043118897405,-0.038117239018372766,c3
-0.051945958342317085,-0.04092791008150277,c3
-0.061230911108643524,-0.029888579108820236,c3
-0.05384024157029912,-0.0449542806064648,c3
-0.06203290241596144,-0.036833644839406286,c3
-0.0687814870409343,-0.027696153669939785,c3
-0.06554647459747527,-0.03876639221204003,c3
-0.06566552285938061,-0.04238452914425324,c3
-0.0665074992155187,-0.044748514538596816,c3
-0.0813342892532446,-0.011649476184651106,c3
-0.08412162316936522,-0.002803821269117019,c3
-0.07592627843939778,-0.04075381247942508,c3
-0.08114307201009158,-0.034508999423253375,c3
-0.07491544031824406,-0.05020133725084592,c3
-0.0901179423422986,-0.01940912948890005,c3
-0.09010265886532187,-0.02744013813485665,c3
-0.0956176677105926,-0.010499357563096496,c3
-0.08976553129891021,-0.03980805128014354,c3
-0.10012828040215092,-0.003801024139645049,c3
-0.10140383422737832,-0.0127672857627883,c3
-0.10335534667202707,-0.013306631928645923,c3
-0.10440569751071938,-0.01950716585650539,c3
-0.10371216811394483,-0.030896318992530574,c3
-0.1093915563631653,-0.013491959999005149,c3
-0.09209362807663816,-0.06413338130876757,c3
-0.11102211094147174,-0.026874360476367043,c3
-0.11429351354440767,-0.021141869958576653,c3
-0.11242346260215293,-0.036617326380102136,c3
-0.1170336592273118,-0.027584341025665773,c3
-0.12223353321188532,-0.0016365952525005895,c3
-0.1204124624753691,-0.030635402492587907,c3
-0.12610827699721758,-0.006033033573433684,c3
-0.12775050504520485,-0.011381634078503748,c3
-0.11883481114818135,-0.05334876757275013,c3
-0.13087692298559955,0.019108549834739176,c3
-0.12012567082114925,-0.05998219117205395,c3
-0.13242321071515264,0.03216053185576264,c3
-0.1255530599989541,-0.05793819348093464,c3
-0.13896927763534933,-0.019135717971400283,c3
-0.14225432054040976,-0.002933752281864584,c3
-0.14238540276053352,0.023357880424720045,c3
-0.14578946278128785,-0.012122417983424805,c3
-0.1350806322211592,-0.06119724135462685,c3
-0.1501187920940861,0.00739046561570196,c3
-0.14961918145896907,-0.028474453967176287,c3
-0.15303407368771074,0.01979195905811644,c3
-0.15231061988198158,0.035144158602391826,c3
-0.15495559194614486,0.032448742556064704,c3
-0.1508481034223307,-0.05429141474615242,c3
-0.16122671607541084,-0.01884775300802248,c3
-0.16349504157702754,0.016531152245227575,c3
-0.1659525218732511,-0.011239040880337468,c3
-0.1662837268248514,-0.02620987956228596,c3
-0.17031599738206216,0.002899786694043492,c3
-0.16809157399641894,-0.03805147445851242,c3
-0.17430161770102484,0.004051462706934653,c3
-0.17292310048811413,-0.03461037450380471,c3
-0.1706397811608778,0.051895879506917916,c3
-0.17825834032767587,0.0274582217745562,c3
-0.18234067591124867,-0.002961833697774288,c3
-0.18145540296711926,0.032646103782034086,c3
-0.18247837228558114,-0.037900447356874235,c3
-0.1879684369280735,-0.012396288987401822,c3
-0.19018961895392386,0.008528962437260888,c3
-0.1898068825098969,-0.0313886428900387,c3
-0.19232000515820324,-0.028284491427614408,c3
-0.18888196298706691,0.05379340370849309,c3
-0.18089986699485552,0.08146487480451582,c3
-0.1994947643889521,0.0190347120966976,c3
-0.2009004133821881,0.0246319073533929,c3
-0.20169496527286127,0.033197977508103466,c3
-0.20612338159448185,0.010927312268379471,c3
-0.20408813055229494,0.042256496821043384,c3
-0.1997874484849676,0.06604472759125371,c3
-0.2062511958979822,0.05084054445483785,c3
-0.20784074803526145,-0.05274427435549255,c3
-0.2094938230537792,0.054364726349401565,c3
-0.2175434704904765,0.01973591293906192,c3
-0.2197362618821605,0.017611290887833125,c3
-0.22220953242847305,-0.010229989587462322,c3
-0.22436246273548235,0.006228405648722218,c3
-0.2081714826553724,0.08913782788239727,c3
-0.2280530491529605,-0.013578226971667677,c3
-0.21894929145836448,0.07192665894452728,c3
-0.22296513348676136,0.06577608124474242,c3
-0.21593047500144896,0.0913767628789269,c3
-0.2356873875402126,-0.019259010701695868,c3
-0.23326156432306955,0.049601412829725945,c3
-0.23872649101382198,0.028995784797909274,c3
-0.24089783130033895,0.02769829456009517,c3
-0.20102888860540968,0.1391482888432342,c3
-0.21265714626395696,0.12464240962142435,c3
-0.24397392068178844,0.0471962079855632,c3
-0.2336958217325296,0.09020540399427167,c3
-0.2342312716958483,0.09431061151835574,c3
-0.2446227488521225,0.07024635937696053,c3
-0.24946758349274395,0.059706426125655035,c3
-0.253694016735115,0.04970314654213658,c3
-0.2434436003035525,0.09277082968188424,c3
-0.25875482695557817,0.04433217180898693,c3
-0.2297305376158737,0.13114687443695608,c3
-0.25360210563401153,0.08201126361580911,c3
-0.25313369987955137,0.08964089567500401,c3
-0.2566917112028395,0.08545081941329799,c3
-0.26725783163771594,0.05342356792397181,c3
-0.23472009731316634,0.14242079636678853,c3
-0.2610881610591341,0.09118438852402533,c3
-0.2393159343557374,0.14255507514896126,c3
-0.2643860845455099,0.09388579026552207,c3
-0.24587072415677444,0.13925027770804813,c3
-0.2381840725080241,0.155717507246142,c3
-0.2865676218696458,-0.0017794021487849204,c3
-0.2877155769346271,-0.02228274619597197,c3
-0.24847324060386786,0.1506600829740796,c3
-0.2897642300260105,0.040531134954733136,c3
-0.2858666572665934,0.07115502981594136,c3
-0.2855048652329385,0.08033984149262269,c3
-0.29848966049247017,0.008012931794248718,c3
-0.20930635808243372,0.2157589658704484,c3
-0.2917891446939603,0.08018109760167266,c3
-0.2606762124532037,0.15759025419668335,c3
-0.23215230298168524,0.20029223363915213,c3
-0.3021643443640815,0.06277982483473586,c3
-0.2816119121024515,0.13107359476609926,c3
-0.2743030802741245,0.1499745558517893,c3
-0.26172611615095803,0.17461675303221594,c3
-0.20259894369652653,0.2433316532809724,c3
-0.2486615097277409,0.19924147738861506,c3
-0.2898351389430085,0.13713651708753094,c3
-0.2040913251728372,0.2498934063223716,c3
-0.2588128417816925,0.19599255090062706,c3
-0.2859648011648102,0.15788133270315746,c3
-0.1895507466386492,0.26848863087297764,c3
-0.26042796077792163,0.20375030684292544,c3
-0.3151625529431257,0.10648374263885824,c3
-0.1818210908238835,0.2809709187484552,c3
-0.18908124974284127,0.2785627817376375,c3
-0.25617685442101257,0.22153051675090907,c3
-0.2566569197732871,0.22403351633396,c3
-0.2210319211705493,0.2618743079110352,c3
-0.21261018946674606,0.2713073444696179,c3
-0.3425127446506418,0.053677967401872924,c3
-0.29917906731473004,0.17911381525088407,c3
-0.2311180372474149,0.2637724905836962,c3
-0.2089421232630249,0.28415540809423817,c3
-0.2755946352356188,0.22330778947790333,c3
-0.3131361340429282,0.17085148654420465,c3
-0.19013884974859266,0.3041799071204537,c3
-0.2816569702322655,0.2253648385999325,c3
-0.31275116862755264,0.1837293097304207,c3
-0.2575359375707776,0.25826888907113393,c3
-0.2406860543414308,0.276701389615029,c3
-0.17209389233648711,0.3261150374528988,c3
-0.3427561125115774,0.1413063853041653,c3
-0.1892023578080617,0.3211567667779328,c3
-0.2337556092817711,0.29290869247695084,c3
-0.2744943453918033,0.2580621231318046,c3
-0.23192964634234425,0.29944263948085503,c3
-0.24752318761824474,0.2893295854621214,c3
-0.2490083293670197,0.29069623952696017,c3
-0.20361322325215955,0.3264800966663711,c3
-0.14614510218919927,0.3580996870117717,c3
-0.2658625377702694,0.2836637064691789,c3
-0.1973010948513753,0.3373166287775416,c3
-0.2118382509160177,0.3307643577328321,c3
-0.28862029014688073,0.2693643256400727,c3
-0.2976772638095077,0.26236119650888196,c3
-0.13887786376084674,0.3738348042743673,c3
-0.06798257948321455,0.3949940430179159,c3
-0.2532015838923366,0.3132751479876746,c3
-0.2715287941968815,0.3002381417308405,c3
-0.3484347190520005,0.20997755565565587,c3
-0.04793168203721605,0.4059980452727333,c3
-0.2541940421144541,0.32273799210225546,c3
-0.2368775494842404,0.3381036008736988,c3
-0.23449750198863675,0.34219083537042005,c3
-0.22286822811369786,0.3522499952038757,c3
-0.12788409845991705,0.3988366277741724,c3
-0.1279604499101251,0.4009162577368799,c3
-0.1842814615304377,0.3805769589152433,c3
-0.12169686467789433,0.4070468525941688,c3
-0.2065321989671036,0.3735619604879461,c3
-0.3030846962697565,0.30341161311269443,c3
-0.2016700087294931,0.3807506169537664,c3
-0.3429088852424508,0.2641708498239606,c3
-0.2395139357064661,0.3629666168077934,c3
-0.18967696268667336,0.3935496424547665,c3
-0.2606105609724894,0.35312295279689304,c3
-0.19593881312430034,0.3949489978746189,c3
-0.042307763634189734,0.440860363121463,c3
-0.340647478324653,0.2861576688946425,c3
-0.2515391780336688,0.3693806969610212,c3
-0.2548658298547696,0.3695302959962316,c3
-0.11897884389466094,0.4349212241334387,c3
-0.20428703737524495,0.4042158836099305,c3
-0.20154306191441831,0.4078275839106544,c3
-0.3250485032746777,0.3211132454781626,c3
-0.12904110121055587,0.4404020595951346,c3
-0.2466585753175912,0.3893693531988167,c3
-0.2916371219005391,0.3595109640955261,c3
-0.1375910439803003,0.4441041308917855,c3
-0.1987709660391755,0.4225131239361201,c3
-0.2888502445276327,0.36941611706943545,c3
-0.15460690818672215,0.44484037791938014,c3
-0.12034516205337473,0.4573782444818517,c3
-0.1644436341814377,0.4455734490483593,c3
-0.14547933865838394,0.4542254860794591,c3
-0.20311656468866005,0.4337560907778564,c3
-0.24746261775366585,0.4124155974327104,c3
-0.007767927976109435,0.482903458919023,c3
-0.09972385859696943,0.4746061468349406,c3
-0.2231591600115793,0.4328320866480897,c3
-0.14770286174727346,0.4661365744064406,c3
-0.039357176868101584,0.4894019835793753,c3
-0.1768149499169689,0.460186529593511,c3
-0.15272452907548395,0.47083999243840097,c3
-0.110627014424393,0.4845252189141301,c3
-0.17991279132821064,0.46543569643991406,c3
-0.2997035028998191,0.4014733096603386,c3
-0.21961554848338627,0.4525307271298582,c3
-0.026418245714526133,0.5043185467878899,c3
-0.22112902731109185,0.4562512223831674,c3
-0.08947485730513123,0.5010924175807983,c3
-0.05401652636292757,0.5081591723306204,c3
-0.009224120943222629,0.5129431213404219,c3
-0.13675502545549587,0.4965420685502137,c3
-0.07325027729426152,0.5118189372130123,c3
-0.2533836363219664,0.4529870388213586,c3
-0.11068913499352312,0.5091490635058358,c3
-0.1296127399948922,0.506732426612266,c3
-0.1693775427192844,0.4969797337345135,c3
-0.1171492656316332,0.5138697135945923,c3
-0.10123799830796756,0.51928157877017,c3
-0.12251701725158815,0.5167364514867323,c3
-0.3333286383889157,0.4159946155868557,c3
0.1480061274859824,0.5141928055179911,c3
0.0011942387583518026,0.5370728205395421,c3
-0.08501284126488469,0.5323326736482467,c3
0.08481558833821412,0.5343933238069378,c3
-0.05268073500516182,0.540525050993311,c3
-0.021970625887292136,0.5446472219003825,c3
-0.002165347539781761,0.5470899032386274,c3
-0.13291389246381588,0.5327689240861626,c3
-0.05059948434263273,0.5487743907003295,c3
-0.1919724550520496,0.5187225257536554,c3
-0.05027678100513522,0.552828727663176,c3
-0.09194657034456337,0.5494743777020132,c3
-0.08194774197128436,0.5530802563303312,c3
0.0559782028039772,0.5583230373817519,c3
-0.04486307468701122,0.561336334820724,c3
-0.15430259099122232,0.5436569890748911,c3
-0.03803351798229854,0.5658575174537952,c3
0.25312036387656245,0.5097533317486376,c3
-0.08815023685265083,0.5642987196208016,c3
0.014567702180711324,0.5729611284871773,c3
-0.1425543173016879,0.5572038539890971,c3
0.06228163227790268,0.5737840135767447,c3
0.04301403243433455,0.5775587837953959,c3
0.07945944371745704,0.5757046503163658,c3
0.032288688921524235,0.5822717682681001,c3
0.01229215459951803,0.5850412212386779,c3
0.04048606549203452,0.5857769151043632,c3
0.2743598006980085,0.5213998808788539,c3
-0.2436665634211937,0.5386308515464188,c3
0.10288316787869203,0.5841961370791469,c3
-0.055605095306776105,0.5925872616982001,c3
0.04704440736748864,0.5953385269935412,c3
-0.06093624277104352,0.5960918494971673,c3
0.2183033133222804,0.5601678274779652,c3
0.1456502246601318,0.5853580003130077,c3
0.1184959792348271,0.5934967197892056,c3
0.19103555215469745,0.5763807599373449,c3
0.07350314874881711,0.6047680472304249,c3
0.18040032098183406,0.5839936654850725,c3
0.32917931144297835,0.5173854109475549,c3
0.0944201700814062,0.6079418981513797,c3
0.22709716808224056,0.5739383816177901,c3
-0.02621194714703464,0.6186834612036728,c3
0.2955904856060643,0.5464142109707589,c3
0.12717094303589974,0.6101342002106365,c3
0.22025319872070032,0.5851723826844161,c3
0.039782438930617774,0.6259916745741825,c3
-0.135107455111122,0.6145829942597751,c3
0.01050672542927549,0.631175082091635,c3
0.118545316192924,0.6220719491427968,c3
0.04159312025681393,0.6339074638416304,c3
0.24821222889937425,0.586949350756191,c3
0.18072272306629364,0.6132017375656673,c3
0.09620348306423256,0.6340254081551912,c3
0.14808779401279515,0.626009281444552,c3
0.1621585223891666,0.6245834994245147,c3
0.21954788852236784,0.608924469720956,c3
0.09376028686541864,0.6424933283120654,c3
0.4895728517082011,0.4295503537702897,c3
0.17003003250164225,0.6307926116663928,c3
0.1992562136172137,0.6242827657785716,c3
0.3293106982600112,0.5688734357032024,c3
0.378674419652812,0.5397284033272425,c3
0.27469081852297245,0.6015750953898534,c3
0.2305956376404797,0.6219549026160438,c3
0.2380534153418988,0.6212853292490383,c3
0.4584648747015226,0.4849180544857852,c3
0.16141784124836828,0.6495833630333125,c3
0.2201716011940351,0.6342124779823028,c3
0.19898900681921586,0.6432722166081818,c3
0.1979080979755217,0.6457019085003332,c3
0.5092191393833321,0.4466601285738146,c3
0.2883269260040268,0.615138887322058,c3
0.18109301292138044,0.6568565172889264,c3
0.2529059575873032,0.6348453898597015,c3
0.1811112008729528,0.6610081589506043,c3
0.4856624150560808,0.4864319735078125,c3
0.31494045719344244,0.613233707272971,c3
0.26256115736255026,0.6395871849230702,c3
0.12796838062540486,0.6814758332400062,c3
0.3511542944510609,0.6002157950033913,c3
0.2314304272312879,0.6578749500351126,c3
0.34541952331977005,0.6081480337772547,c3
0.28194965118517645,0.6422384992476328,c3
0.4343385731522588,0.5532911975888528,c3
0.23776386164763386,0.6641330991494562,c3
0.4611939264811422,0.5364102006849139,c3
0.35942208701457545,0.6116296678667021,c3
0.29290298231420153,0.6483288581600171,c3
0.5008821920090255,0.5080304177104897,c3
0.5004924115727121,0.5112227145427762,c3
0.4675820768627576,0.5441321472903556,c3
0.3045307448362789,0.6518077356671753,c3
0.4113716486210525,0.5926661827210735,c3
0.4826982211055599,0.5388671779505771,c3
0.3748325246557926,0.6211115756350316,c3
0.4200324418767499,0.5939388803502883,c3
0.6258700420798963,0.3746958809980402,c3
0.4474568519244849,0.5786366541806386,c3
0.4900003213329121,0.5457778194201189,c3
0.3454153981000374,0.6493117195236728,c3
0.4469533111677469,0.5866021133322817,c3
0.3985907659317488,0.6228599605964619,c3
0.4393586820580835,0.5972946821019732,c3
0.587966623580524,0.4550473931202303,c3
0.4754937594257386,0.5741624238285881,c3
0.3680448003121381,0.6506087803037542,c3
0.4163818009024354,0.6231973554775729,c3
0.5266593884168035,0.5360845610885905,c3
0.5552806485382261,0.5093488210926223,c3
0.570694290371544,0.4950807321714536,c3
0.494804982694517,0.5735826443222142,c3
0.4705816614308746,0.5961728517175882,c3
0.5310196095330223,0.5458347039360136,c3
0.2235537527015828,0.7300666284718202,c3
0.3401267959700133,0.6858218206941602,c3
0.22581062144778755,0.7335663890450607,c3
0.5202670198249456,0.5670208293282857,c3
0.4598105269196657,0.619558724540463,c3
0.5562808778911363,0.5375190153101078,c3
0.5233827460643155,0.5723198522265757,c3
0.5958849087536768,0.4995128876711231,c3
0.611019650235175,0.4841150750101792,c3
0.6621337739498993,0.4152346152628085,c3
0.4862813050231179,0.6144167529379557,c3
0.5905729703257964,0.5180208357883385,c3
0.3554513395358885,0.7028007986571706,c3
0.6169071916996955,0.4928090543782631,c3
0.5483663327612892,0.5708750076112834,c3
0.5076939765679352,0.6099405130399083,c3
0.5076152080780522,0.6126109123941426,c3
0.7716698980054693,0.20170189942276665,c3
0.5643051520923372,0.5664967549764419,c3
0.5759449540111325,0.5575438193365948,c3
0.7178260468860101,0.361262122971827,c3
0.5728158692781519,0.5664727898427822,c3
0.4907891011963109,0.6413800890418763,c3
0.7204286607269417,0.3694128532078814,c3
0.6542846920245932,0.4802539286982434,c3
0.6566651316828905,0.4803958931046083,c3
0.7586452321259967,0.29951922839894546,c3
0.6221266216670075,0.5305524500423917,c3
0.6174092864624896,0.5390865607149803,c3
0.6986089046811512,0.432485015544959,c3
0.6588261457245979,0.4943106063941412,c3
0.6721621534675841,0.4794769159610298,c3
0.7952042784208418,0.2294852256262556,c3
0.5157694371590943,0.6498588098150687,c3
0.7360410839903198,0.3871787850314111,c3
0.6619219897542699,0.5068140727864877,c3
0.7490453563305497,0.3705099825176242,c3
0.768459599400877,0.3334214109222165,c3
0.7744325960791897,0.32452361945807473,c3
0.7801295871185242,0.3159568279655697,c3
0.6411185165296449,0.5484299718966215,c3
0.7445051564787344,0.4011308849496023,c3
0.8290713994716294,0.1767147139614038,c3
0.6810172398493931,0.5081383545304455,c3
0.781459135643423,0.338703871394133,c3
0.8294730990955306,0.20196714587277811,c3
0.7702918662925914,0.3726828140819939,c3
0.5679830700756235,0.6427059922280024,c3
0.564495732442668,0.6484304755625684,c3
0.8473918372000955,0.15650678315382088,c3
0.863722761634022,-0.0028473496962919125,c3
0.8188350807065223,0.2810695225457189,c3
0.7692870795878611,0.40145016715641374,c3
0.7723627937834923,0.39987807646449625,c3
0.7283236422095153,0.4790421477074472,c3
0.8708322297040261,-0.0713155853231202,c3
0.8029109386526617,0.34967802277122106,c3
0.8753701608222463,0.0646669828552742,c3
0.8605090555171963,0.18303272032893386,c3
0.8312603056454161,0.2941313004445297,c3
0.6829029279482315,0.5609711641819782,c3
0.8490630193555607,0.2523553361910095,c3
0.8834781871060468,-0.08724518349247562,c3
0.8025746396402099,0.3841635219942549,c3
0.8886655015466726,0.07450877110462345,c3
0.7390195750828373,0.502699012469128,c3
0.8756721231869243,0.18878795815662752,c3
0.8977860629308162,-0.004136272920893803,c3
0.8586931861132954,0.2688593142150608,c3
0.8633775916907093,0.2604397821979327,c3
0.8616759603650213,0.27273200156489,c3
0.8932080639613931,0.15057905326700086,c3
0.906357342993374,-0.05143527161946455,c3
0.8412699778536005,0.3464629855831157,c3
0.8963778712337559,0.16711994413608272,c3
0.9080655574010044,0.10245939230988467,c3
0.9078522118791392,-0.12063165810772533,c3
0.8910650250492744,0.22005781222899995,c3
0.909070620470702,-0.14034116544963174,c3
0.9128516715029704,0.12844302155784007,c3
0.9167332813624516,0.11443187982940015,c3
0.8440286597076083,0.38054828641511,c3
0.9040917077061972,0.2086490001818533,c3
0.929055815834076,-0.038657326599594456,c3
0.8504788139174186,0.38086190886432736,c3
0.9333583271852836,-0.030841213132984317,c3
0.9095315208639692,0.22047297524237205,c3
0.932646740033475,0.0988988552120786,c3
0.9260071897169692,0.1608870627056311,c3
0.9379448689698734,-0.08604913897968433,c3
0.9335132973165104,-0.13956022559477446,c3
0.9101155760284224,-0.25768372958001684,c3
0.9283357166666912,0.19157042794235746,c3
0.9041728241941868,0.29117199945617306,c3
0.9375288205305816,0.16480464079300144,c3
0.9489686563163992,-0.09694642877102007,c3
0.9457565685568592,-0.13896736170860985,c3
0.9467317350930374,0.14595123267368995,c3
0.9229870220974159,0.26370638151131165,c3
0.948052809741246,0.1627678061129843,c3
0.9633618691802208,-0.033027564639437235,c3
0.9559762185896434,-0.1383251056570742,c3
0.9633807016104649,0.0937948589867932,c3
0.9552072804573578,-0.16841146549201685,c3
0.9599690066594544,-0.15210005666505594,c3
0.9469092845172621,-0.22789758799043866,c3
0.9717747012660696,0.09020004725580733,c3
0.9740594540285332,0.08721207191930028,c3
0.9720881519693588,0.12395995035892488,c3
0.9685138404351216,-0.16196943074367048,c3
0.9617027153202601,-0.2081364604516427,c3
0.9576634947620892,-0.23456620586499802,c3
0.950445534464028,0.26972164829249906,c3
0.989965962098323,0.005264497091728268,c3
0.9779537143297886,-0.16624898577244432,c3
0.9471284382313078,-0.30159545392874576,c3
0.9770203968533032,-0.19347138357131385,c3
0.9574109146343326,-0.2817096742306071,c3
0.999896859008525,0.014362149730660228,c3
0.0,0.0,c2
0.001975118537583154,0.0003390499827697267,c2
0.003949311778113657,-0.0006834683551824659,c2
0.005929480417562257,0.00099282180306067,c2
0.007192506024243137,-0.003539014996345521,c2
0.010018574409010005,-0.00017137683375850301,c2
0.011266278204537431,-0.004201036543225075,c2
0.013769796553956923,-0.0026793770078795635,c2
0.015233284167532456,-0.004997412698960758,c2
0.01800702571048501,-0.0010231927755384833,c2
0.018500725968723885,-0.007702463986430747,c2
0.021878733175279136,-0.002694969048385009,c2
0.023885424623199668,-0.002792386264046877,c2
0.02303840403920691,-0.012163226258376715,c2
0.027944503358573274,-0.0025000330384932377,c2
0.029399908197007982,-0.006265478982462246,c2
0.026128563676946336,-0.01858511450139271,c2
0.033992174895424214,-0.0022737534966646203,c2
0.0360682730906852,-0.0005284598676179867,c2
0.03699119248310391,-0.009024691296756608,c2
0.03233597250894313,-0.02368130345291792,c2
0.040889253309090594,-0.009957217905342984,c2
0.04174170868355728,-0.014191442854209415,c2
0.045602211793464575,-0.006702815783362023,c2
0.04802332861542217,-0.002646437342529893,c2
0.04349968597562743,-0.0248557317378162,c2
0.049563782584858336,-0.016071091768319078,c2
0.0540124124029216,0.003218445581730641,c2
0.05414980437397726,-0.014709874875860653,c2
0.05377521323485828,-0.02203912242951814,c2
0.06007761056735756,-0.002263630713172761,c2
0.057084849515546765,-0.024510042984532687,c2
0.05660580844684674,-0.030136617817521638,c2
0.0608980475531424,-0.025785736676630464,c2
0.06532107466661227,-0.019383210279457656,c2
0.05764891620285099,-0.03995324039210847,c2
0.07121885907760811,-0.011518354308993622,c2
0.0653113620235759,-0.035105496411481495,c2
0.07145607223975531,-0.026328753053687558,c2
0.06511158665425072,-0.04323066604323705,c2
0.07984477156087598,-0.007105593550489901,c2
0.08146776060054893,-0.010676183140002023,c2
0.07801836540862869,-0.031582329827350056,c2
0.06775971267180572,-0.05323809094905106,c2
0.08125001155402821,-0.03425645630971323,c2
0.0721464926351101,-0.054105277564222516,c2
0.0766867836364089,-0.05115755130016834,c2
0.06973070774317734,-0.0633172860528321,c2
0.08259866792374503,-0.04929944162841954,c2
0.08262663175166136,-0.05306007238473683,c2
0.06923900941516033,-0.07242982739182292,c2
0.0703766994707849,-0.0741138404979876,c2
0.09961650220064486,-0.030593244814636406,c2
0.08675316953549317,-0.06127778364137381,c2
0.08858793027288336,-0.062152835431298875,c2
0.06687951630562508,-0.08761093474501888,c2
0.10335042073035566,-0.04373805511533865,c2
0.1026996011450063,-0.050009322066698725,c2
0.08393573526508302,-0.08040384474128688,c2
0.09621030496003873,-0.0687272926440504,c2
0.09459547933576724,-0.07422579437898394,c2
0.09799337843410524,-0.07308223360401503,c2
0.1199058304858527,-0.03256195357718869,c2
0.1192841625208044,-0.0413640374361045,c2
0.08836814218645711,-0.0929559281601554,c2
0.09838744322407006,-0.08536811089619847,c2
0.10178561210781087,-0.08446061102551612,c2
0.115641843283481,-0.0682275906802428,c2
0.09619229322098624,-0.0965258994790675,c2
0.11807296533501573,-0.0719665199654073,c2
0.11275153590961465,-0.08346093085267291,c2
0.10691558087053724,-0.09388267775250453,c2
0.11894785645883853,-0.08167374695128422,c2
0.10796491835863084,-0.0987172572534081,c2
0.10495438728977856,-0.1047685837420345,c2
0.1148093504365294,-0.0970004318245363,c2
0.1233017243311992,-0.08940569761560906,c2
0.08885109906026224,-0.12616113327248335,c2
0.1329669602769247,-0.08217922053304162,c2
0.1490679902979224,-0.05331876440230437,c2
0.11191979796186176,-0.11478966349558208,c2
0.11861063675613913,-0.11081880985742353,c2
0.127564401449726,-0.10359165554040536,c2
0.09671364532505834,-0.13532563084626875,c2
0.11902229308188556,-0.11904171261772525,c2
0.16162848062901572,-0.05377901055870631,c2
0.1576458806910673,-0.06964530320271557,c2
0.11530917287995665,-0.13077179716207993,c2
0.10851870302651664,-0.13901067512662013,c2
0.13629807819138426,-0.11503891126816228,c2
0.1263720539861951,-0.12868602803221654,c2
0.1280945733682625,-0.1298024453707522,c2
0.12598877924751573,-0.13460556772224447,c2
0.1077142464775208,-0.1520935283555031,c2
0.11651689423094375,-0.14801896709752227,c2
0.08137011317858303,-0.17211548169586469,c2
0.106498455422858,-0.1602185337067773,c2
0.12463269003105215,-0.1491767053363017,c2
0.05255535249588705,-0.1892301803318533,c2
0.13124392557092932,-0.14878279371756742,c2
0.06092317694526605,-0.1909158133683627,c2
0.15808760073782524,-0.12639627150338775,c2
0.11637592318845702,-0.16804644961760912,c2
0.047685150205677485,-0.20082923353739368,c2
0.09281370948538598,-0.18660973149190213,c2
0.09749928839811328,-0.1864693523788776,c2
0.05233794649191605,-0.20587631268997766,c2
0.025938282933103025,-0.2128542705693893,c2
0.1279224112118934,-0.17458247929981036,c2
0.1118278284310638,-0.18764115913352167,c2
0.12449700197150668,-0.1819194295637164,c2
0.10370648468797017,-0.19679099070512351,c2
0.128181790244866,-0.1842464012437608,c2
0.14902766968040412,-0.17050417068258553,c2
0.14241048312159335,-0.17863878574579234,c2
0.13855589437637436,-0.1841589004924964,c2
0.14352324920279774,-0.1828688616275496,c2
-0.012929137742499036,-0.2341121958075198,c2
0.10766336270312432,-0.2105422866556595,c2
0.14470550601824422,-0.18955625569512155,c2
0.11131778842862798,-0.21316529508148907,c2
0.16298814809041526,-0.17953780724070706,c2
0.11778875087421994,-0.21424441768554267,c2
0.06504298810265052,-0.2377566020787717,c2
0.057354645397386925,-0.24178751140702065,c2
0.11270703849729158,-0.22371382495988493,c2
0.08823220044319663,-0.2365879517012058,c2
0.0237556529294518,-0.2533979266205253,c2
-0.023102562687031883,-0.2554705543339569,c2
0.15605834213669725,-0.2060991284623287,c2
0.038156956296571606,-0.25771158308233355,c2
0.11341748439711567,-0.23676122183149576,c2
-0.002069171986092497,-0.2645209653603152,c2
0.11471693080380255,-0.2405824206562517,c2
0.01885222359041562,-0.2678745114000672,c2
0.02551318609556693,-0.2693353940236949,c2
0.032836768088166275,-0.2705597398781736,c2
0.14223652565154696,-0.2348318080904488,c2
0.08390914642444176,-0.26351636704778386,c2
0.13076855511331847,-0.24595457076635224,c2
0.028739305647364325,-0.27908528378614744,c2
0.039086865639235885,-0.27984865512209545,c2
0.14496427400852785,-0.2448774259106797,c2
0.1204496228283959,-0.2600308761215263,c2
0.12599301665393342,-0.2596199794763514,c2
0.05087522418284374,-0.286092858111295,c2
0.09700957362305372,-0.2760348248478058,c2
0.0733123026893574,-0.28532103020854865,c2
0.11164811184644158,-0.2747766680849424,c2
0.02987186195301848,-0.2970992365528885,c2
0.039178253497649584,-0.29803715765000044,c2
0.030440360885568882,-0.3010702539325301,c2
0.1265593734865084,-0.2770730967442085,c2
0.08625777715010076,-0.2942299551659967,c2
0.007172728099108135,-0.30853387072227845,c2
0.16604846772496054,-0.2625137380197448,c2
0.0264733191387001,-0.3115023444929344,c2
0.08622396015963983,-0.3025838710330864,c2
0.03133374670031746,-0.3150790722868151,c2
0.16604140650207228,-0.2719558126955388,c2
-0.010801601769606864,-0.3204592914618369,c2
0.02397721644081356,-0.3217531299396372,c2
0.04915276810551058,-0.3209067971658067,c2
0.036032785489869816,-0.3246598544495385,c2
-0.008853257142906868,-0.3285380499992002,c2
0.010766741469702912,-0.3304859869520303,c2
0.08582436170886405,-0.3214037976771171,c2
-0.030384339511492175,-0.333287200719122,c2
0.09682212452006267,-0.3224506451802304,c2
0.022256390512570848,-0.33794526727611,c2
-0.08503820196459601,-0.3298974008916996,c2
-0.04196065065846023,-0.34010669960550066,c2
0.027421880400120183,-0.3435968688791607,c2
0.06410992546276488,-0.3407142818985888,c2
-0.08585154444288534,-0.3379635859819973,c2
0.0034119360691300853,-0.3506848052341072,c2
0.009424906878354884,-0.35257946331741796,c2
0.06781212017994571,-0.3481670406124939,c2
-0.09187622553697423,-0.3446784415637193,c2
-0.1699979176807917,-0.3158779923700297,c2
-0.03137172110829488,-0.3593546639078117,c2
0.08085950010144588,-0.3535979269951409,c2
-0.17866430694793048,-0.31797270893162016,c2
-0.06416933004780104,-0.36107579931442463,c2
-0.03561292789711064,-0.3670136847571534,c2
0.012792822620307651,-0.3705207023651765,c2
-0.010812101656532071,-0.3725886465059747,c2
-0.010137201464621293,-0.374612365179948,c2
-0.013225113715709079,-0.3765213160162063,c2
-0.1434941787294564,-0.3505234312603153,c2
0.03837881663127815,-0.37882239092530223,c2
0.06909947253640444,-0.3764767119815789,c2
0.007603869568685219,-0.3846943973727708,c2
-0.08922343143285111,-0.3763415417080177,c2
-0.050734928701578606,-0.3854529210774335,c2
0.034624551587599015,-0.3892446152572376,c2
-0.061983987693249365,-0.3878640098890509,c2
0.10519167390977292,-0.3805174418499903,c2
0.10815370830645826,-0.3817694673520251,c2
-0.05884316620020854,-0.3944325084487401,c2
-0.03310602309385924,-0.3994319921685538,c2
-0.04127919122968759,-0.4006848996452328,c2
0.06533049352870697,-0.3995031344599141,c2
-0.2319404333749757,-0.33421693955543164,c2
-0.13670849808744262,-0.3852825527568992,c2
-0.019273036509643533,-0.4103693125178566,c2
-0.2335898937135249,-0.3403832838556034,c2
-0.21793201003875864,-0.3529720743215857,c2
-0.26908896178123964,-0.3183416982915753,c2
-0.0035794878658834814,-0.41882237948776985,c2
-0.22003706149973026,-0.3587358555058441,c2
-0.09823666420273904,-0.4112761074111737,c2
-0.1315605846657741,-0.4039666813508861,c2
-0.15031851403448684,-0.3995102400092503,c2
-0.15388889081896234,-0.4002963269467851,c2
-0.07216586216524097,-0.4247751323577865,c2
-0.003961896977264567,-0.4328476000248533,c2
-0.2519820715347502,-0.3544244996322246,c2
-0.119427571932988,-0.4202329429167913,c2
-0.1560490117530618,-0.4101979890410059,c2
-0.262604260428924,-0.3541408361306319,c2
-0.09963721260177606,-0.4315324234634788,c2
-0.08958349977956924,-0.43577713630180814,c2
-0.1527122563028316,-0.4199916953323741,c2
-0.15053108980381394,-0.4229061620372763,c2
-0.18280897602951485,-0.4121811674243247,c2
-0.17055962499976846,-0.4195629732496065,c2
-0.2369227081250544,-0.38834337174584455,c2
-0.08950582206466509,-0.4480613280781498,c2
-0.14696002834710795,-0.4347508826506125,c2
-0.24930749412917885,-0.3876786289688898,c2
-0.23400429061588746,-0.3994275105055733,c2
-0.3783221412219642,-0.270244577965896,c2
-0.1065629996690857,-0.4546114428167561,c2
-0.2197486477169273,-0.4142623119967756,c2
-0.18293531521207607,-0.4339595929747064,c2
-0.13812485777507566,-0.452326585797882,c2
-0.30564743209757,-0.3635341174797912,c2
-0.231629928735176,-0.416932376165175,c2
-0.31996290261605603,-0.35640486260335863,c2
-0.19483756511980369,-0.4397302530068435,c2
-0.2702766923427941,-0.4002581678332589,c2
-0.2875076860658748,-0.3905575156619367,c2
-0.09714646406835792,-0.4771856980759465,c2
-0.21268146095808074,-0.4403022115915859,c2
-0.2837440939406975,-0.4006901272257988,c2
-0.07037188411032085,-0.4879374616282534,c2
-0.1802518030212288,-0.4610036526626637,c2
-0.14656544409945674,-0.4748911398206642,c2
-0.27401697546096204,-0.4170296118541735,c2
-0.4428823355149683,-0.23421837013533997,c2
-0.3251445775722243,-0.3837916776165379,c2
-0.1825913963864027,-0.4708455185159414,c2
-0.27286332254892026,-0.4273275463309708,c2
-0.2846329521556625,-0.4219993407505456,c2
-0.3368460911444466,-0.38428926660104,c2
-0.3300622089425031,-0.3927526809146252,c2
-0.22864978033065755,-0.4614924059854079,c2
-0.17210530524074955,-0.4875489632042428,c2
-0.35770304655042223,-0.37609713503885134,c2
-0.3872599670357068,-0.34858940231450997,c2
-0.2703097380495909,-0.4477832735430173,c2
-0.32178041183025685,-0.4148915211025662,c2
-0.3197719434183388,-0.4189653174073936,c2
-0.35258763527706144,-0.3944419473143979,c2
-0.4035995552647313,-0.3451584836005587,c2
-0.2888951513665973,-0.4479945232749338,c2
-0.4358144586099008,-0.31042843408170323,c2
-0.2196226119022192,-0.4901168729086545,c2
-0.2315467325257819,-0.4868175934269973,c2
-0.4774749414130404,-0.25453406231229203,c2
-0.3179217592555893,-0.4403048325692517,c2
-0.3154985036504414,-0.44450421698788894,c2
-0.3327350618653753,-0.4342803582492115,c2
-0.4345023298105785,-0.3357328620659428,c2
-0.3116585463604888,-0.4545135753580142,c2
-0.4740275674269411,-0.2849988553349992,c2
-0.4360790518508141,-0.3434856872925265,c2
-0.3626305285180297,-0.4229365949357857,c2
-0.4337942571669195,-0.35275451068075314,c2
-0.3936313584776156,-0.39989064365575655,c2
-0.3863793599758621,-0.4096610384756885,c2
-0.4838339210351366,-0.29202217075480075,c2
-0.5344672932549195,-0.1896997390347229,c2
-0.41933854749501137,-0.3848032749634727,c2
-0.3461046628667788,-0.454329254577259,c2
-0.556442948548703,-0.1373605391462592,c2
-0.4912458709465206,-0.2991243262585773,c2
-0.4249662235771268,-0.3905263176458577,c2
-0.5190936087240974,-0.2568388232087833,c2
-0.5111539588991145,-0.2765344063467311,c2
-0.3949369009700394,-0.4290778668336463,c2
-0.5052043836766057,-0.2952843685789733,c2
-0.5097777438045067,-0.2913766766400433,c2
-0.46385725239367104,-0.3632734306570303,c2
-0.5141208105361832,-0.2918499281150039,c2
-0.5042781961288698,-0.3123676899424227,c2
-0.5840646071660573,-0.11454310981899285,c2
-0.34202766607403706,-0.4895489900176943,c2
-0.3666550412235665,-0.4739227779558077,c2
-0.5577281462278285,-0.22446301800995871,c2
-0.4762833415994399,-0.3701515297670149,c2
-0.6033230127444755,-0.04775977165247796,c2
-0.4496082627494026,-0.4081198018725208,c2
-0.5275732084267406,-0.30465326779341645,c2
-0.4263195307166888,-0.4380006105778184,c2
-0.5599810499979881,-0.2499358041309692,c2
-0.6127141472711116,0.055586813003973626,c2
-0.5695240382571671,-0.2379511703948317,c2
-0.6161725300674563,-0.061544329799462325,c2
-0.5933002971243829,-0.1842199298766143,c2
-0.5018562558006833,-0.3695625651131785,c2
-0.3933597169653731,-0.4860106192998035,c2
-0.6166082045728674,-0.11507624054027148,c2
-0.5879941866772916,-0.22411853491763,c2
-0.5486625586776619,-0.3121886805089345,c2
-0.4679547084323143,-0.42666719203335335,c2
-0.6056443815654606,-0.19173821592216955,c2
-0.6286525999344876,-0.10447372647665296,c2
-0.6392086073448795,-0.009456737400889571,c2
-0.6098516727663521,-0.19830346836132,c2
-0.5144998019719367,-0.38614449233562603,c2
-0.5818434035593985,-0.27903080093643,c2
-0.6174107818112493,-0.19440733443674246,c2
-0.5970024798771864,-0.25529729207159785,c2
-0.5742084926383771,-0.3073754878578386,c2
-0.6060680894467075,-0.2439077732255285,c2
-0.566526993191332,-0.32936177115567017,c2
-0.5878521346343749,-0.294095885117542,c2
-0.6270664594752765,-0.20368780242987025,c2
-0.6204673717801507,-0.2288402974354913,c2
-0.5256170082031777,-0.4046344148419565,c2
-0.6107524603792347,-0.2639058942819199,c2
-0.6383729310536461,0.19446223746357166,c2
-0.6047671240882008,-0.2868292011372593,c2
-0.6669344860359369,-0.07680750312813843,c2
-0.6486770889319187,-0.18059292286718545,c2
-0.5957262247711602,-0.3181333604090625,c2
-0.6343683802268327,-0.23745770263409546,c2
-0.6792104325427512,0.014193494278713853,c2
-0.6628278306853501,-0.15784305655566114,c2
-0.6251898925550842,-0.2759124691930933,c2
-0.6500886598106853,-0.21706632089400127,c2
-0.6772799243320269,-0.11737099448166068,c2
-0.6786233311372023,-0.12129899319126065,c2
-0.6902254821523389,0.03998640095020583,c2
-0.6839894971155679,-0.11376987987003295,c2
-0.6805790119129691,0.14276045540184512,c2
-0.6582312423936034,-0.23041511250161445,c2
-0.6987729248518436,-0.02958171008575385,c2
-0.6643415863410533,-0.22498033775676268,c2
-0.6929595086587231,-0.12078188944004815,c2
-0.668987950220327,-0.22373991541846489,c2
-0.7036096650900219,-0.07327469149597281,c2
-0.6931766022656657,-0.15093470548575838,c2
-0.7014578125763512,0.11865665825070845,c2
-0.6714783939740059,-0.2410283012779843,c2
-0.7083429666823747,0.10045675416797924,c2
-0.7174229651614275,0.0041329622655280175,c2
-0.7194228646036147,-0.004800074128397323,c2
-0.707648710631652,-0.1404034891722144,c2
-0.7209490478827615,-0.060065618184038175,c2
-0.7171129992081875,-0.1096720442697457,c2
-0.7125083293438216,-0.14670557738673612,c2
-0.7284352079751291,-0.0386323775118656,c2
-0.7167970916406528,-0.14573929226888716,c2
-0.7276661088682871,0.09206398362999006,c2
-0.7306838284148571,0.08377737909724632,c2
-0.7256732575506717,-0.13140633548466552,c2
-0.7391299581498062,0.02271638540239161,c2
-0.7220970438220482,-0.16844241767017076,c2
-0.7286167523349047,-0.14795441408466015,c2
-0.6682209299418109,0.33051110870474953,c2
-0.694758635604514,-0.2757883215404425,c2
-0.7436723936571509,-0.09327442794914098,c2
-0.7453528578529738,-0.09594730499348576,c2
-0.7533767049144414,-0.014012875569838878,c2
-0.7089223087397444,-0.2612011956351143,c2
-0.7489375708056518,0.11367293346577348,c2
-0.7586484297293195,0.03635559474635925,c2
-0.7472640839641221,0.14667562356022446,c2
-0.7509650961352796,0.1379310941800341,c2
-0.7567582849433359,-0.1155625598829526,c2
-0.7478288125941919,-0.17280668664495136,c2
-0.7330319199584544,0.2342105828772245,c2
-0.7381725897358207,0.22445480966790973,c2
-0.7730909479772546,0.02656111976010929,c2
-0.7755506651655779,-0.0008233417897503449,c2
-0.7738332830841262,0.0759868371572617,c2
-0.7788328937112569,0.03364138075312961,c2
-0.7798189647569245,0.05218527113111052,c2
-0.7416927163366799,0.25272389764113096,c2
-0.7849807946636501,0.030449492598515995,c2
-0.7839895120438329,0.07506705253496379,c2
-0.7809067746492443,0.11670414112154374,c2
-0.7125828630538281,0.3447166553899843,c2
-0.7526656648531286,0.2515452250430281,c2
-0.7955125883221877,0.01118263284926546,c2
-0.7839172730600364,0.14707751941285702,c2
-0.7984909683821942,0.042083862570590665,c2
-0.7987897416827624,0.06710178174764679,c2
-0.8008640112948013,0.06634297622889936,c2
-0.8034393063185733,-0.05911618045407933,c2
-0.7971575641758943,0.12954604721720667,c2
-0.7976308515226294,0.13881043192529782,c2
-0.7808183262928217,0.2214837140132221,c2
-0.7607692570765863,0.2884778098346929,c2
-0.7458973761224302,0.3299870614158695,c2
-0.8124122111554165,0.09227044379624233,c2
-0.8096292863527529,0.12770656065198333,c2
-0.8049917451142693,0.16457819013649622,c2
-0.8129119963914184,0.13254792343522845,c2
-0.7759072529669999,0.2822552183519105,c2
-0.7586937139725536,0.33075241734275873,c2
-0.7791410562275406,0.2850856003068183,c2
-0.819240463064735,0.14320947097703826,c2
-0.8052337036832032,0.21587011684647409,c2
-0.7493076570610583,0.3699792265185137,c2
-0.7635697821062798,0.3444723225846837,c2
-0.7808312796451676,0.3088105214914357,c2
-0.8159326929576002,0.2066028325041608,c2
-0.8273599080102337,0.1651785970669294,c2
-0.5760824661228126,0.6191307673744977,c2
-0.7856120820061612,0.3184354442555847,c2
-0.6423294098081868,0.5562391550515489,c2
-0.7168336055402657,0.45994377389642105,c2
-0.8129565303255922,0.2606108783917401,c2
-0.8545039217566981,0.045443227119346674,c2
-0.8134113058050902,0.2720988936522341,c2
-0.8564988462033342,0.07434541032666353,c2
-0.770054436380153,0.3867602150399586,c2
-0.8070045244975336,0.3078454381755628,c2
-0.7522374525100577,0.4285204556855064,c2
-0.8400721720787969,0.21735591372112448,c2
-0.7772269611480485,0.3903396112650584,c2
-0.8263613668265378,0.27760331139608874,c2
-0.7990391461261741,0.35351255700359424,c2
-0.6820090446524001,0.5493672342155195,c2
-0.7049376994711755,0.5229890792300126,c2
-0.7820615802796448,0.40293485328103795,c2
-0.8368839775545635,0.27772671055437537,c2
-0.7160906856650737,0.5179374343950011,c2
-0.5503714101335382,0.694033527611512,c2
-0.6216594782618408,0.6337861802075195,c2
-0.8283468003505422,0.3248834285919521,c2
-0.7918994010685662,0.4100893429461028,c2
-0.8462714599028858,0.2875427718564537,c2
-0.5542687243076543,0.7037249048641167,c2
-0.79447918290639,0.4181384357780166,c2
-0.6683508377690481,0.6024503932864571,c2
-0.6415901480245861,0.6337285128055588,c2
-0.4991862363845338,0.7534462865744426,c2
-0.7034601570265863,0.5706474430719698,c2
-0.8759028992601986,0.23858610905112465,c2
-0.8011553323454946,0.4311866295136523,c2
-0.7534995532038486,0.5134791009254492,c2
-0.6457909750621615,0.6465562621603553,c2
-0.7288992563402482,0.5544849048065216,c2
-0.7240020456490636,0.5641306209425696,c2
-0.7321470537235999,0.5568354581441451,c2
-0.6277544665967987,0.6750704508571259,c2
-0.6276269476374073,0.6779225463710506,c2
-0.6857599608355366,0.6220407163652084,c2
-0.5413336281140891,0.7535742327686318,c2
-0.8101689994091041,0.4563609210169068,c2
-0.6592973437826475,0.6585567697832161,c2
-0.7681221602690845,0.5311283218368043,c2
-0.4960981448218546,0.7935631990973765,c2
-0.7926471825110393,0.5013196278968532,c2
-0.7744091039822011,0.5326016353927663,c2
-0.7165455262156306,0.6113162360075373,c2
-0.5387108049021476,0.7750579342968421,c2
-0.7082257345171067,0.6269988637848708,c2
-0.5275493265724948,0.7875265962073819,c2
-0.7700948974492774,0.5561146268541983,c2
-0.34577266054680106,0.8868833779989115,c2
-0.5121602036857874,0.8047558924810302,c2
-0.4828145267133642,0.8250197254510019,c2
-0.8634325187643774,0.4148337330683773,c2
-0.8120197771964135,0.5119277097910727,c2
-0.360522733149214,0.8918076292832026,c2
-0.4481150479456512,0.8534341303352522,c2
-0.5720187106362821,0.7783437287252978,c2
-0.7103682097088466,0.6574776486260746,c2
-0.7550518631608591,0.6088349975857378,c2
-0.8444143809997745,0.4812891793350653,c2
-0.4993701139343811,0.8361841860654958,c2
-0.8333938035305852,0.5078748731553204,c2
-0.4000570162814857,0.8923856504868152,c2
-0.4816059429335504,0.8534501509890758,c2
-0.5603595119509449,0.8063810346082769,c2
-0.5124407183329804,0.8399984577474403,c2
-0.36595484614281576,0.9155423118121994,c2
-0.5976666120443797,0.7866963215800793,c2
-0.4018327089815091,0.9047600759513368,c2
-0.4508008407471858,0.8836349894744021,c2
-0.5720233011023175,0.8128969426273971,c2
-0.4694454420313687,0.8784196087772391,c2
-0.6410154480040405,0.7649151557109083,c2
-0.4700200620604865,0.8826557320159749,c2
